<?xml version="1.0" encoding="UTF-8"?>
<metadata xml:lang="en"><Esri><CreaDate>20200803</CreaDate><CreaTime>10533700</CreaTime><ArcGISFormat>1.0</ArcGISFormat><SyncOnce>TRUE</SyncOnce><DataProperties><itemProps><itemLocation><linkage Sync="TRUE">file://\\BARCELONA\E$\OneDrive - Concordia University - Canada\RA-CAMM\GIS Data\MONTREAL STM DATA\Resulting Network\BusStopsAgregated</linkage><protocol Sync="TRUE">Local Area Network</protocol></itemLocation></itemProps><copyHistory><copy source="E:\OneDrive - Concordia University - Canada\RA-CAMM\Software\CAMMM-Soft-Tools\SampleData\Network\BusStopsAgregated" dest="\\BARCELONA\E$\OneDrive - Concordia University - Canada\RA-CAMM\GIS Data\MONTREAL STM DATA\Resulting Network\BusStopsAgregated" date="20200803" time="10533700"></copy></copyHistory></DataProperties></Esri></metadata>
