<?xml version="1.0" encoding="UTF-8"?>
<metadata xml:lang="en"><Esri><CreaDate>20200803</CreaDate><CreaTime>10533700</CreaTime><ArcGISFormat>1.0</ArcGISFormat><SyncOnce>FALSE</SyncOnce><DataProperties><lineage><Process ToolSource="c:\program files (x86)\arcgis\desktop10.3\ArcToolbox\Toolboxes\Data Management Tools.tbx\CreateFeatureclass" Date="20200725" Time="125955">CreateFeatureclass D:\Carto\BusLines BusLine10_N.shp POLYLINE # DISABLED DISABLED "PROJCS['WGS_1984_UTM_Zone_18N',GEOGCS['GCS_WGS_1984',DATUM['D_WGS_1984',SPHEROID['WGS_1984',6378137.0,298.257223563]],PRIMEM['Greenwich',0.0],UNIT['Degree',0.0174532925199433]],PROJECTION['Transverse_Mercator'],PARAMETER['False_Easting',500000.0],PARAMETER['False_Northing',0.0],PARAMETER['Central_Meridian',-75.0],PARAMETER['Scale_Factor',0.9996],PARAMETER['Latitude_Of_Origin',0.0],UNIT['Meter',1.0]];-5120900 -9998100 450445547.391054;-100000 10000;-100000 10000;0.001;0.001;0.001;IsHighPrecision" # 0 0 0</Process><Process ToolSource="c:\program files (x86)\arcgis\desktop10.3\ArcToolbox\Toolboxes\Data Management Tools.tbx\AddSpatialIndex" Date="20200725" Time="125955">AddSpatialIndex D:\Carto\BusLines\BusLine10_N.shp 5300 0 0</Process><Process ToolSource="c:\program files (x86)\arcgis\desktop10.3\ArcToolbox\Toolboxes\Data Management Tools.tbx\PointsToLine" Date="20200725" Time="125955">PointsToLine D:/Carto/Lines/BusStop10_N.shp D:\Carto\BusLines\BusLine10_N.shp # Seq NO_CLOSE</Process><Process ToolSource="c:\program files (x86)\arcgis\desktop10.3\ArcToolbox\Toolboxes\Data Management Tools.tbx\AddField" Date="20200725" Time="134336">AddField D:/Carto/BusLines/BusLine10_N.shp Line TEXT # # # # NULLABLE NON_REQUIRED #</Process><Process ToolSource="c:\program files (x86)\arcgis\desktop10.3\ArcToolbox\Toolboxes\Data Management Tools.tbx\AddField" Date="20200725" Time="134409">AddField D:/Carto/BusLines/BusLine10_N.shp Line TEXT # # # # NULLABLE NON_REQUIRED #</Process><Process ToolSource="c:\program files (x86)\arcgis\desktop10.3\ArcToolbox\Toolboxes\Data Management Tools.tbx\SplitLineAtPoint" Date="20200725" Time="150726">SplitLineAtPoint D:/Carto/BusLines/BusLine10_N.shp D:/Carto/Lines/BusStop10_N.shp D:\Carto\BusLinesVertex\BusLineVertex10_N.shp "3 Meters"</Process><Process ToolSource="c:\program files (x86)\arcgis\desktop10.3\ArcToolbox\Toolboxes\Data Management Tools.tbx\AddField" Date="20200725" Time="152054">AddField D:/Carto/BusLinesVertex/BusLineVertex10_N.shp CX1 DOUBLE # # # # NULLABLE NON_REQUIRED #</Process><Process ToolSource="c:\program files (x86)\arcgis\desktop10.3\ArcToolbox\Toolboxes\Data Management Tools.tbx\AddField" Date="20200725" Time="152054">AddField D:/Carto/BusLinesVertex/BusLineVertex10_N.shp CY1 DOUBLE # # # # NULLABLE NON_REQUIRED #</Process><Process ToolSource="c:\program files (x86)\arcgis\desktop10.3\ArcToolbox\Toolboxes\Data Management Tools.tbx\AddField" Date="20200725" Time="152054">AddField D:/Carto/BusLinesVertex/BusLineVertex10_N.shp CX2 DOUBLE # # # # NULLABLE NON_REQUIRED #</Process><Process ToolSource="c:\program files (x86)\arcgis\desktop10.3\ArcToolbox\Toolboxes\Data Management Tools.tbx\AddField" Date="20200725" Time="152054">AddField D:/Carto/BusLinesVertex/BusLineVertex10_N.shp CY2 DOUBLE # # # # NULLABLE NON_REQUIRED #</Process><Process ToolSource="c:\program files (x86)\arcgis\desktop10.3\ArcToolbox\Toolboxes\Data Management Tools.tbx\CalculateField" Date="20200725" Time="153940">CalculateField D:/Carto/BusLinesVertex/BusLineVertex10_N.shp CX1 !Shape!.positionAlongLine(0.0,True).firstPoint.X PYTHON_9.3 #</Process><Process ToolSource="c:\program files (x86)\arcgis\desktop10.3\ArcToolbox\Toolboxes\Data Management Tools.tbx\CalculateField" Date="20200725" Time="153940">CalculateField D:/Carto/BusLinesVertex/BusLineVertex10_N.shp CY1 !Shape!.positionAlongLine(0.0,True).firstPoint.Y PYTHON_9.3 #</Process><Process ToolSource="c:\program files (x86)\arcgis\desktop10.3\ArcToolbox\Toolboxes\Data Management Tools.tbx\CalculateField" Date="20200725" Time="153940">CalculateField D:/Carto/BusLinesVertex/BusLineVertex10_N.shp CX2 !Shape!.positionAlongLine(1.0,True).firstPoint.X PYTHON_9.3 #</Process><Process ToolSource="c:\program files (x86)\arcgis\desktop10.3\ArcToolbox\Toolboxes\Data Management Tools.tbx\CalculateField" Date="20200725" Time="153940">CalculateField D:/Carto/BusLinesVertex/BusLineVertex10_N.shp CY2 !Shape!.positionAlongLine(1.0,True).firstPoint.Y PYTHON_9.3 #</Process><Process ToolSource="c:\program files (x86)\arcgis\desktop10.3\ArcToolbox\Toolboxes\Data Management Tools.tbx\AddField" Date="20200725" Time="154642">AddField D:/Carto/BusLinesVertex/BusLineVertex10_N.shp StartName TEXT # # # # NULLABLE NON_REQUIRED #</Process><Process ToolSource="c:\program files (x86)\arcgis\desktop10.3\ArcToolbox\Toolboxes\Data Management Tools.tbx\AddField" Date="20200725" Time="154642">AddField D:/Carto/BusLinesVertex/BusLineVertex10_N.shp StartCode LONG # # # # NULLABLE NON_REQUIRED #</Process><Process ToolSource="c:\program files (x86)\arcgis\desktop10.3\ArcToolbox\Toolboxes\Data Management Tools.tbx\AddField" Date="20200725" Time="154642">AddField D:/Carto/BusLinesVertex/BusLineVertex10_N.shp EndName TEXT # # # # NULLABLE NON_REQUIRED #</Process><Process ToolSource="c:\program files (x86)\arcgis\desktop10.3\ArcToolbox\Toolboxes\Data Management Tools.tbx\AddField" Date="20200725" Time="154642">AddField D:/Carto/BusLinesVertex/BusLineVertex10_N.shp EndCode LONG # # # # NULLABLE NON_REQUIRED #</Process><Process ToolSource="c:\program files (x86)\arcgis\desktop10.3\ArcToolbox\Toolboxes\Data Management Tools.tbx\JoinField" Date="20200725" Time="162557">JoinField D:/Carto/BusLinesVertex/BusLineVertex10_N.shp CX1 D:/Carto/BusStops.shp X Stop;Name</Process><Process ToolSource="c:\program files (x86)\arcgis\desktop10.3\ArcToolbox\Toolboxes\Data Management Tools.tbx\CalculateField" Date="20200725" Time="163750">CalculateField D:/Carto/BusLinesVertex/BusLineVertex10_N.shp StartName [Name] VB #</Process><Process ToolSource="c:\program files (x86)\arcgis\desktop10.3\ArcToolbox\Toolboxes\Data Management Tools.tbx\CalculateField" Date="20200725" Time="163750">CalculateField D:/Carto/BusLinesVertex/BusLineVertex10_N.shp StartCode [Stop] VB #</Process><Process ToolSource="c:\program files (x86)\arcgis\desktop10.3\ArcToolbox\Toolboxes\Data Management Tools.tbx\DeleteField" Date="20200725" Time="164106">DeleteField D:/Carto/BusLinesVertex/BusLineVertex10_N.shp Stop;Name</Process><Process ToolSource="c:\program files (x86)\arcgis\desktop10.3\ArcToolbox\Toolboxes\Data Management Tools.tbx\JoinField" Date="20200725" Time="164221">JoinField D:/Carto/BusLinesVertex/BusLineVertex10_N.shp CX2 D:/Carto/BusStops.shp X Stop;Name</Process><Process ToolSource="c:\program files (x86)\arcgis\desktop10.3\ArcToolbox\Toolboxes\Data Management Tools.tbx\CalculateField" Date="20200725" Time="165810">CalculateField D:/Carto/BusLinesVertex/BusLineVertex10_N.shp EndCode [Stop] VB #</Process><Process ToolSource="c:\program files (x86)\arcgis\desktop10.3\ArcToolbox\Toolboxes\Data Management Tools.tbx\CalculateField" Date="20200725" Time="165810">CalculateField D:/Carto/BusLinesVertex/BusLineVertex10_N.shp EndName [Name] VB #</Process><Process ToolSource="c:\program files (x86)\arcgis\desktop10.3\ArcToolbox\Toolboxes\Data Management Tools.tbx\DeleteField" Date="20200725" Time="165908">DeleteField D:/Carto/BusLinesVertex/BusLineVertex10_N.shp Stop;Name</Process><Process ToolSource="c:\program files (x86)\arcgis\desktop10.3\ArcToolbox\Toolboxes\Data Management Tools.tbx\DeleteField" Date="20200725" Time="171804">DeleteField D:/Carto/BusLinesVertex/BusLineVertex10_N.shp StartName;StartCode;EndName;EndCode</Process><Process ToolSource="c:\program files (x86)\arcgis\desktop10.3\ArcToolbox\Toolboxes\Data Management Tools.tbx\AddField" Date="20200725" Time="172048">AddField D:/Carto/BusLinesVertex/BusLineVertex10_N.shp CoordsSta TEXT # # # # NULLABLE NON_REQUIRED #</Process><Process ToolSource="c:\program files (x86)\arcgis\desktop10.3\ArcToolbox\Toolboxes\Data Management Tools.tbx\AddField" Date="20200725" Time="172048">AddField D:/Carto/BusLinesVertex/BusLineVertex10_N.shp CoordsEnd TEXT # # # # NULLABLE NON_REQUIRED #</Process><Process ToolSource="c:\program files (x86)\arcgis\desktop10.3\ArcToolbox\Toolboxes\Data Management Tools.tbx\CalculateField" Date="20200725" Time="205721">CalculateField D:/Carto/BusLinesVertex/BusLineVertex10_N.shp CoordsSta str( !CX1! )+"-"+str( !CY1! ) PYTHON_9.3 #</Process><Process ToolSource="c:\program files (x86)\arcgis\desktop10.3\ArcToolbox\Toolboxes\Data Management Tools.tbx\CalculateField" Date="20200725" Time="205924">CalculateField D:/Carto/BusLinesVertex/BusLineVertex10_N.shp CoordsEnd str( !CX2! )+"-"+str( !CY2! ) PYTHON_9.3 #</Process><Process ToolSource="c:\program files (x86)\arcgis\desktop10.3\ArcToolbox\Toolboxes\Data Management Tools.tbx\AddField" Date="20200725" Time="210111">AddField D:/Carto/BusLinesVertex/BusLineVertex10_N.shp StartName TEXT # # # # NULLABLE NON_REQUIRED #</Process><Process ToolSource="c:\program files (x86)\arcgis\desktop10.3\ArcToolbox\Toolboxes\Data Management Tools.tbx\AddField" Date="20200725" Time="210111">AddField D:/Carto/BusLinesVertex/BusLineVertex10_N.shp StartCode LONG # # # # NULLABLE NON_REQUIRED #</Process><Process ToolSource="c:\program files (x86)\arcgis\desktop10.3\ArcToolbox\Toolboxes\Data Management Tools.tbx\AddField" Date="20200725" Time="210111">AddField D:/Carto/BusLinesVertex/BusLineVertex10_N.shp EndName TEXT # # # # NULLABLE NON_REQUIRED #</Process><Process ToolSource="c:\program files (x86)\arcgis\desktop10.3\ArcToolbox\Toolboxes\Data Management Tools.tbx\AddField" Date="20200725" Time="210111">AddField D:/Carto/BusLinesVertex/BusLineVertex10_N.shp EndCode LONG # # # # NULLABLE NON_REQUIRED #</Process><Process ToolSource="c:\program files (x86)\arcgis\desktop10.3\ArcToolbox\Toolboxes\Data Management Tools.tbx\JoinField" Date="20200725" Time="210620">JoinField D:/Carto/BusLinesVertex/BusLineVertex10_N.shp CoordsSta D:/Carto/BusStops.shp Coords Stop;Name</Process><Process ToolSource="c:\program files (x86)\arcgis\desktop10.3\ArcToolbox\Toolboxes\Data Management Tools.tbx\DeleteField" Date="20200725" Time="210809">DeleteField D:/Carto/BusLinesVertex/BusLineVertex10_N.shp Stop;Name</Process><Process ToolSource="c:\program files (x86)\arcgis\desktop10.3\ArcToolbox\Toolboxes\Data Management Tools.tbx\DeleteField" Date="20200725" Time="210944">DeleteField D:/Carto/BusLinesVertex/BusLineVertex10_N.shp Stop;Name</Process><Process ToolSource="c:\program files (x86)\arcgis\desktop10.3\ArcToolbox\Toolboxes\Data Management Tools.tbx\JoinField" Date="20200725" Time="211034">JoinField D:/Carto/BusLinesVertex/BusLineVertex10_N.shp CoordsSta D:/Carto/BusStops.shp Coords Stop;Name</Process><Process ToolSource="c:\program files (x86)\arcgis\desktop10.3\ArcToolbox\Toolboxes\Data Management Tools.tbx\CalculateField" Date="20200725" Time="212602">CalculateField D:/Carto/BusLinesVertex/BusLineVertex10_N.shp StartName [Name] VB #</Process><Process ToolSource="c:\program files (x86)\arcgis\desktop10.3\ArcToolbox\Toolboxes\Data Management Tools.tbx\CalculateField" Date="20200725" Time="212602">CalculateField D:/Carto/BusLinesVertex/BusLineVertex10_N.shp StartCode [Stop] VB #</Process><Process ToolSource="c:\program files (x86)\arcgis\desktop10.3\ArcToolbox\Toolboxes\Data Management Tools.tbx\DeleteField" Date="20200725" Time="212753">DeleteField D:/Carto/BusLinesVertex/BusLineVertex10_N.shp Stop;Name</Process><Process ToolSource="c:\program files (x86)\arcgis\desktop10.3\ArcToolbox\Toolboxes\Data Management Tools.tbx\JoinField" Date="20200725" Time="213724">JoinField D:/Carto/BusLinesVertex/BusLineVertex10_N.shp CoordsEnd D:/Carto/BusStops.shp Coords Stop;Name</Process><Process ToolSource="c:\program files (x86)\arcgis\desktop10.3\ArcToolbox\Toolboxes\Data Management Tools.tbx\CalculateField" Date="20200725" Time="215401">CalculateField D:/Carto/BusLinesVertex/BusLineVertex10_N.shp EndCode [Stop] VB #</Process><Process ToolSource="c:\program files (x86)\arcgis\desktop10.3\ArcToolbox\Toolboxes\Data Management Tools.tbx\CalculateField" Date="20200725" Time="215401">CalculateField D:/Carto/BusLinesVertex/BusLineVertex10_N.shp EndName [Name] VB #</Process><Process ToolSource="c:\program files (x86)\arcgis\desktop10.3\ArcToolbox\Toolboxes\Data Management Tools.tbx\DeleteField" Date="20200726" Time="092315">DeleteField D:/Carto/BusLinesVertex/BusLineVertex10_N.shp Stop;Name</Process><Process ToolSource="c:\program files (x86)\arcgis\desktop10.3\ArcToolbox\Toolboxes\Data Management Tools.tbx\CalculateField" Date="20200726" Time="124723">CalculateField D:/Carto/BusLinesVertex/BusLineVertex10_N.shp CoordsSta [FID] VB #</Process><Process ToolSource="c:\program files (x86)\arcgis\desktop10.3\ArcToolbox\Toolboxes\Data Management Tools.tbx\CalculateField" Date="20200726" Time="124723">CalculateField D:/Carto/BusLinesVertex/BusLineVertex10_N.shp CoordsEnd [FID]+1 VB #</Process><Process ToolSource="c:\program files (x86)\arcgis\desktop10.3\ArcToolbox\Toolboxes\Data Management Tools.tbx\JoinField" Date="20200726" Time="124912">JoinField D:/Carto/BusLinesVertex/BusLineVertex10_N.shp CoordsSta D:/Carto/Lines/BusStop10_N.shp Seq Stop;Name</Process><Process ToolSource="c:\program files (x86)\arcgis\desktop10.3\ArcToolbox\Toolboxes\Data Management Tools.tbx\CalculateField" Date="20200726" Time="124912">CalculateField D:/Carto/BusLinesVertex/BusLineVertex10_N.shp StartName [Name] VB #</Process><Process ToolSource="c:\program files (x86)\arcgis\desktop10.3\ArcToolbox\Toolboxes\Data Management Tools.tbx\CalculateField" Date="20200726" Time="124912">CalculateField D:/Carto/BusLinesVertex/BusLineVertex10_N.shp StartCode [Stop] VB #</Process><Process ToolSource="c:\program files (x86)\arcgis\desktop10.3\ArcToolbox\Toolboxes\Data Management Tools.tbx\DeleteField" Date="20200726" Time="124912">DeleteField D:/Carto/BusLinesVertex/BusLineVertex10_N.shp Stop;Name</Process><Process ToolSource="c:\program files (x86)\arcgis\desktop10.3\ArcToolbox\Toolboxes\Data Management Tools.tbx\JoinField" Date="20200726" Time="124913">JoinField D:/Carto/BusLinesVertex/BusLineVertex10_N.shp CoordsEnd D:/Carto/Lines/BusStop10_N.shp Seq Stop;Name</Process><Process ToolSource="c:\program files (x86)\arcgis\desktop10.3\ArcToolbox\Toolboxes\Data Management Tools.tbx\CalculateField" Date="20200726" Time="124913">CalculateField D:/Carto/BusLinesVertex/BusLineVertex10_N.shp EndCode [Stop] VB #</Process><Process ToolSource="c:\program files (x86)\arcgis\desktop10.3\ArcToolbox\Toolboxes\Data Management Tools.tbx\CalculateField" Date="20200726" Time="124913">CalculateField D:/Carto/BusLinesVertex/BusLineVertex10_N.shp EndName [Name] VB #</Process><Process ToolSource="c:\program files (x86)\arcgis\desktop10.3\ArcToolbox\Toolboxes\Data Management Tools.tbx\DeleteField" Date="20200726" Time="124913">DeleteField D:/Carto/BusLinesVertex/BusLineVertex10_N.shp Stop;Name</Process><Process ToolSource="c:\program files (x86)\arcgis\desktop10.3\ArcToolbox\Toolboxes\Data Management Tools.tbx\JoinField" Date="20200726" Time="140719">JoinField D:/Carto/BusLinesVertex/BusLineVertex10_N.shp CoordsSta D:/Carto/Lines/BusStop10_N.shp Seq Stop;Name</Process><Process ToolSource="c:\program files (x86)\arcgis\desktop10.3\ArcToolbox\Toolboxes\Data Management Tools.tbx\CalculateField" Date="20200726" Time="140719">CalculateField D:/Carto/BusLinesVertex/BusLineVertex10_N.shp StartName [Name] VB #</Process><Process ToolSource="c:\program files (x86)\arcgis\desktop10.3\ArcToolbox\Toolboxes\Data Management Tools.tbx\CalculateField" Date="20200726" Time="140719">CalculateField D:/Carto/BusLinesVertex/BusLineVertex10_N.shp StartCode [Stop] VB #</Process><Process ToolSource="c:\program files (x86)\arcgis\desktop10.3\ArcToolbox\Toolboxes\Data Management Tools.tbx\DeleteField" Date="20200726" Time="140719">DeleteField D:/Carto/BusLinesVertex/BusLineVertex10_N.shp Stop;Name</Process><Process ToolSource="c:\program files (x86)\arcgis\desktop10.3\ArcToolbox\Toolboxes\Data Management Tools.tbx\JoinField" Date="20200726" Time="140719">JoinField D:/Carto/BusLinesVertex/BusLineVertex10_N.shp CoordsEnd D:/Carto/Lines/BusStop10_N.shp Seq Stop;Name</Process><Process ToolSource="c:\program files (x86)\arcgis\desktop10.3\ArcToolbox\Toolboxes\Data Management Tools.tbx\CalculateField" Date="20200726" Time="140719">CalculateField D:/Carto/BusLinesVertex/BusLineVertex10_N.shp EndCode [Stop] VB #</Process><Process ToolSource="c:\program files (x86)\arcgis\desktop10.3\ArcToolbox\Toolboxes\Data Management Tools.tbx\CalculateField" Date="20200726" Time="140719">CalculateField D:/Carto/BusLinesVertex/BusLineVertex10_N.shp EndName [Name] VB #</Process><Process ToolSource="c:\program files (x86)\arcgis\desktop10.3\ArcToolbox\Toolboxes\Data Management Tools.tbx\DeleteField" Date="20200726" Time="140719">DeleteField D:/Carto/BusLinesVertex/BusLineVertex10_N.shp Stop;Name</Process><Process ToolSource="c:\program files (x86)\arcgis\desktop10.3\ArcToolbox\Toolboxes\Data Management Tools.tbx\JoinField" Date="20200726" Time="151243">JoinField D:/Carto/BusLinesVertex/BusLineVertex10_N.shp CoordsSta D:/Carto/Lines/BusStop10_N.shp Coords Stop;Name</Process><Process ToolSource="c:\program files (x86)\arcgis\desktop10.3\ArcToolbox\Toolboxes\Data Management Tools.tbx\CalculateField" Date="20200726" Time="151243">CalculateField D:/Carto/BusLinesVertex/BusLineVertex10_N.shp StartName [Name] VB #</Process><Process ToolSource="c:\program files (x86)\arcgis\desktop10.3\ArcToolbox\Toolboxes\Data Management Tools.tbx\CalculateField" Date="20200726" Time="151243">CalculateField D:/Carto/BusLinesVertex/BusLineVertex10_N.shp StartCode [Stop] VB #</Process><Process ToolSource="c:\program files (x86)\arcgis\desktop10.3\ArcToolbox\Toolboxes\Data Management Tools.tbx\DeleteField" Date="20200726" Time="151243">DeleteField D:/Carto/BusLinesVertex/BusLineVertex10_N.shp Stop;Name</Process><Process ToolSource="c:\program files (x86)\arcgis\desktop10.3\ArcToolbox\Toolboxes\Data Management Tools.tbx\JoinField" Date="20200726" Time="151243">JoinField D:/Carto/BusLinesVertex/BusLineVertex10_N.shp CoordsEnd D:/Carto/Lines/BusStop10_N.shp Coords Stop;Name</Process><Process ToolSource="c:\program files (x86)\arcgis\desktop10.3\ArcToolbox\Toolboxes\Data Management Tools.tbx\CalculateField" Date="20200726" Time="151243">CalculateField D:/Carto/BusLinesVertex/BusLineVertex10_N.shp EndCode [Stop] VB #</Process><Process ToolSource="c:\program files (x86)\arcgis\desktop10.3\ArcToolbox\Toolboxes\Data Management Tools.tbx\CalculateField" Date="20200726" Time="151243">CalculateField D:/Carto/BusLinesVertex/BusLineVertex10_N.shp EndName [Name] VB #</Process><Process ToolSource="c:\program files (x86)\arcgis\desktop10.3\ArcToolbox\Toolboxes\Data Management Tools.tbx\DeleteField" Date="20200726" Time="151243">DeleteField D:/Carto/BusLinesVertex/BusLineVertex10_N.shp Stop;Name</Process></lineage><itemProps><itemName Sync="TRUE">BusLineVertex</itemName><imsContentType Sync="TRUE">002</imsContentType><itemSize Sync="TRUE">0.000</itemSize><itemLocation><linkage Sync="TRUE">file://\\BARCELONA\E$\OneDrive - Concordia University - Canada\RA-CAMM\GIS Data\MONTREAL STM DATA\Resulting Network\BusLineVertex</linkage><protocol Sync="TRUE">Local Area Network</protocol></itemLocation></itemProps><coordRef><type Sync="TRUE">Projected</type><geogcsn Sync="TRUE">GCS_WGS_1984</geogcsn><csUnits Sync="TRUE">Linear Unit: Meter (1.000000)</csUnits><projcsn Sync="TRUE">WGS_1984_UTM_Zone_18N</projcsn><peXml Sync="TRUE">&lt;ProjectedCoordinateSystem xsi:type='typens:ProjectedCoordinateSystem' xmlns:xsi='http://www.w3.org/2001/XMLSchema-instance' xmlns:xs='http://www.w3.org/2001/XMLSchema' xmlns:typens='http://www.esri.com/schemas/ArcGIS/10.3'&gt;&lt;WKT&gt;PROJCS[&amp;quot;WGS_1984_UTM_Zone_18N&amp;quot;,GEOGCS[&amp;quot;GCS_WGS_1984&amp;quot;,DATUM[&amp;quot;D_WGS_1984&amp;quot;,SPHEROID[&amp;quot;WGS_1984&amp;quot;,6378137.0,298.257223563]],PRIMEM[&amp;quot;Greenwich&amp;quot;,0.0],UNIT[&amp;quot;Degree&amp;quot;,0.0174532925199433]],PROJECTION[&amp;quot;Transverse_Mercator&amp;quot;],PARAMETER[&amp;quot;False_Easting&amp;quot;,500000.0],PARAMETER[&amp;quot;False_Northing&amp;quot;,0.0],PARAMETER[&amp;quot;Central_Meridian&amp;quot;,-75.0],PARAMETER[&amp;quot;Scale_Factor&amp;quot;,0.9996],PARAMETER[&amp;quot;Latitude_Of_Origin&amp;quot;,0.0],UNIT[&amp;quot;Meter&amp;quot;,1.0],AUTHORITY[&amp;quot;EPSG&amp;quot;,32618]]&lt;/WKT&gt;&lt;XOrigin&gt;-5120900&lt;/XOrigin&gt;&lt;YOrigin&gt;-9998100&lt;/YOrigin&gt;&lt;XYScale&gt;450445547.3910538&lt;/XYScale&gt;&lt;ZOrigin&gt;-100000&lt;/ZOrigin&gt;&lt;ZScale&gt;10000&lt;/ZScale&gt;&lt;MOrigin&gt;-100000&lt;/MOrigin&gt;&lt;MScale&gt;10000&lt;/MScale&gt;&lt;XYTolerance&gt;0.001&lt;/XYTolerance&gt;&lt;ZTolerance&gt;0.001&lt;/ZTolerance&gt;&lt;MTolerance&gt;0.001&lt;/MTolerance&gt;&lt;HighPrecision&gt;true&lt;/HighPrecision&gt;&lt;WKID&gt;32618&lt;/WKID&gt;&lt;LatestWKID&gt;32618&lt;/LatestWKID&gt;&lt;/ProjectedCoordinateSystem&gt;</peXml></coordRef><copyHistory><copy source="E:\OneDrive - Concordia University - Canada\RA-CAMM\Software\CAMMM-Soft-Tools\SampleData\Network\BusLineVertex" dest="\\BARCELONA\E$\OneDrive - Concordia University - Canada\RA-CAMM\GIS Data\MONTREAL STM DATA\Resulting Network\BusLineVertex" date="20200803" time="10533700"></copy></copyHistory></DataProperties><SyncDate>20200726</SyncDate><SyncTime>15552900</SyncTime><ModDate>20200726</ModDate><ModTime>15552900</ModTime></Esri><dataIdInfo><envirDesc Sync="TRUE"> Version 6.2 (Build 9200) ; Esri ArcGIS 10.3.0.4322</envirDesc><dataLang><languageCode value="eng" Sync="TRUE"></languageCode><countryCode value="USA" Sync="TRUE"></countryCode></dataLang><idCitation><resTitle Sync="TRUE">BusLineVertex</resTitle><presForm><PresFormCd value="005" Sync="TRUE"></PresFormCd></presForm></idCitation><spatRpType><SpatRepTypCd value="001" Sync="TRUE"></SpatRepTypCd></spatRpType></dataIdInfo><mdLang><languageCode value="eng" Sync="TRUE"></languageCode><countryCode value="USA" Sync="TRUE"></countryCode></mdLang><mdChar><CharSetCd value="004" Sync="TRUE"></CharSetCd></mdChar><distInfo><distFormat><formatName Sync="TRUE">Shapefile</formatName></distFormat><distTranOps><transSize Sync="TRUE">0.000</transSize></distTranOps></distInfo><mdHrLv><ScopeCd value="005" Sync="TRUE"></ScopeCd></mdHrLv><mdHrLvName Sync="TRUE">dataset</mdHrLvName><refSysInfo><RefSystem><refSysID><identCode code="32618" Sync="TRUE"></identCode><idCodeSpace Sync="TRUE">EPSG</idCodeSpace><idVersion Sync="TRUE">8.2.6</idVersion></refSysID></RefSystem></refSysInfo><spatRepInfo><VectSpatRep><geometObjs Name="BusLineVertex"><geoObjTyp><GeoObjTypCd value="002" Sync="TRUE"></GeoObjTypCd></geoObjTyp><geoObjCnt Sync="TRUE">0</geoObjCnt></geometObjs><topLvl><TopoLevCd value="001" Sync="TRUE"></TopoLevCd></topLvl></VectSpatRep></spatRepInfo><spdoinfo><ptvctinf><esriterm Name="BusLineVertex"><efeatyp Sync="TRUE">Simple</efeatyp><efeageom code="3" Sync="TRUE"></efeageom><esritopo Sync="TRUE">FALSE</esritopo><efeacnt Sync="TRUE">0</efeacnt><spindex Sync="TRUE">FALSE</spindex><linrefer Sync="TRUE">FALSE</linrefer></esriterm></ptvctinf></spdoinfo><eainfo><detailed Name="BusLineVertex"><enttyp><enttypl Sync="TRUE">BusLineVertex</enttypl><enttypt Sync="TRUE">Feature Class</enttypt><enttypc Sync="TRUE">0</enttypc></enttyp><attr><attrlabl Sync="TRUE">FID</attrlabl><attalias Sync="TRUE">FID</attalias><attrtype Sync="TRUE">OID</attrtype><attwidth Sync="TRUE">4</attwidth><atprecis Sync="TRUE">0</atprecis><attscale Sync="TRUE">0</attscale><attrdef Sync="TRUE">Internal feature number.</attrdef><attrdefs Sync="TRUE">Esri</attrdefs><attrdomv><udom Sync="TRUE">Sequential unique whole numbers that are automatically generated.</udom></attrdomv></attr><attr><attrlabl Sync="TRUE">Shape</attrlabl><attalias Sync="TRUE">Shape</attalias><attrtype Sync="TRUE">Geometry</attrtype><attwidth Sync="TRUE">0</attwidth><atprecis Sync="TRUE">0</atprecis><attscale Sync="TRUE">0</attscale><attrdef Sync="TRUE">Feature geometry.</attrdef><attrdefs Sync="TRUE">Esri</attrdefs><attrdomv><udom Sync="TRUE">Coordinates defining the features.</udom></attrdomv></attr><attr><attrlabl Sync="TRUE">Id</attrlabl><attalias Sync="TRUE">Id</attalias><attrtype Sync="TRUE">Integer</attrtype><attwidth Sync="TRUE">6</attwidth><atprecis Sync="TRUE">6</atprecis><attscale Sync="TRUE">0</attscale></attr><attr><attrlabl Sync="TRUE">Line</attrlabl><attalias Sync="TRUE">Line</attalias><attrtype Sync="TRUE">String</attrtype><attwidth Sync="TRUE">254</attwidth><atprecis Sync="TRUE">0</atprecis><attscale Sync="TRUE">0</attscale></attr><attr><attrlabl Sync="TRUE">CX1</attrlabl><attalias Sync="TRUE">CX1</attalias><attrtype Sync="TRUE">Double</attrtype><attwidth Sync="TRUE">19</attwidth><atprecis Sync="TRUE">0</atprecis><attscale Sync="TRUE">0</attscale></attr><attr><attrlabl Sync="TRUE">CY1</attrlabl><attalias Sync="TRUE">CY1</attalias><attrtype Sync="TRUE">Double</attrtype><attwidth Sync="TRUE">19</attwidth><atprecis Sync="TRUE">0</atprecis><attscale Sync="TRUE">0</attscale></attr><attr><attrlabl Sync="TRUE">CX2</attrlabl><attalias Sync="TRUE">CX2</attalias><attrtype Sync="TRUE">Double</attrtype><attwidth Sync="TRUE">19</attwidth><atprecis Sync="TRUE">0</atprecis><attscale Sync="TRUE">0</attscale></attr><attr><attrlabl Sync="TRUE">CY2</attrlabl><attalias Sync="TRUE">CY2</attalias><attrtype Sync="TRUE">Double</attrtype><attwidth Sync="TRUE">19</attwidth><atprecis Sync="TRUE">0</atprecis><attscale Sync="TRUE">0</attscale></attr><attr><attrlabl Sync="TRUE">CoordsSta</attrlabl><attalias Sync="TRUE">CoordsSta</attalias><attrtype Sync="TRUE">String</attrtype><attwidth Sync="TRUE">254</attwidth><atprecis Sync="TRUE">0</atprecis><attscale Sync="TRUE">0</attscale></attr><attr><attrlabl Sync="TRUE">CoordsEnd</attrlabl><attalias Sync="TRUE">CoordsEnd</attalias><attrtype Sync="TRUE">String</attrtype><attwidth Sync="TRUE">254</attwidth><atprecis Sync="TRUE">0</atprecis><attscale Sync="TRUE">0</attscale></attr><attr><attrlabl Sync="TRUE">StartName</attrlabl><attalias Sync="TRUE">StartName</attalias><attrtype Sync="TRUE">String</attrtype><attwidth Sync="TRUE">254</attwidth><atprecis Sync="TRUE">0</atprecis><attscale Sync="TRUE">0</attscale></attr><attr><attrlabl Sync="TRUE">StartCode</attrlabl><attalias Sync="TRUE">StartCode</attalias><attrtype Sync="TRUE">Integer</attrtype><attwidth Sync="TRUE">10</attwidth><atprecis Sync="TRUE">10</atprecis><attscale Sync="TRUE">0</attscale></attr><attr><attrlabl Sync="TRUE">EndName</attrlabl><attalias Sync="TRUE">EndName</attalias><attrtype Sync="TRUE">String</attrtype><attwidth Sync="TRUE">254</attwidth><atprecis Sync="TRUE">0</atprecis><attscale Sync="TRUE">0</attscale></attr><attr><attrlabl Sync="TRUE">EndCode</attrlabl><attalias Sync="TRUE">EndCode</attalias><attrtype Sync="TRUE">Integer</attrtype><attwidth Sync="TRUE">10</attwidth><atprecis Sync="TRUE">10</atprecis><attscale Sync="TRUE">0</attscale></attr><attr><attrlabl Sync="TRUE">Stop_1</attrlabl><attalias Sync="TRUE">Stop_1</attalias><attrtype Sync="TRUE">Double</attrtype><attwidth Sync="TRUE">16</attwidth><atprecis Sync="TRUE">15</atprecis><attscale Sync="TRUE">6</attscale></attr><attr><attrlabl Sync="TRUE">Name_1</attrlabl><attalias Sync="TRUE">Name_1</attalias><attrtype Sync="TRUE">String</attrtype><attwidth Sync="TRUE">254</attwidth><atprecis Sync="TRUE">0</atprecis><attscale Sync="TRUE">0</attscale></attr></detailed></eainfo><mdDateSt Sync="TRUE">20200726</mdDateSt></metadata>
